Row ID,Time,avg(T),avg(U (Magnitude)),max(T),max(U (Magnitude)),med(T),med(U (Magnitude)),min(T),min(U (Magnitude)),q1(T),q1(U (Magnitude)),q3(T),q3(U (Magnitude))
0,0.5,302.8,0.0499953,302.8,0.0499953,302.8,0.0499953,302.8,0.0499953,302.8,0.0499953,302.8,0.0499953
1,1,302.8,0.0499872,302.8,0.0499872,302.8,0.0499872,302.8,0.0499872,302.8,0.0499872,302.8,0.0499872
2,1.5,302.8,0.0499877,302.8,0.0499877,302.8,0.0499877,302.8,0.0499877,302.8,0.0499877,302.8,0.0499877
3,2,302.8,0.0499825,302.8,0.0499825,302.8,0.0499825,302.8,0.0499825,302.8,0.0499825,302.8,0.0499825
4,2.5,302.8,0.0499718,302.8,0.0499718,302.8,0.0499718,302.8,0.0499718,302.8,0.0499718,302.8,0.0499718
5,3,302.8,0.0499685,302.8,0.0499685,302.8,0.0499685,302.8,0.0499685,302.8,0.0499685,302.8,0.0499685
6,3.5,302.8,0.04997,302.8,0.04997,302.8,0.04997,302.8,0.04997,302.8,0.04997,302.8,0.04997
7,4,302.8,0.0499736,302.8,0.0499736,302.8,0.0499736,302.8,0.0499736,302.8,0.0499736,302.8,0.0499736
8,4.5,302.8,0.0499761,302.8,0.0499761,302.8,0.0499761,302.8,0.0499761,302.8,0.0499761,302.8,0.0499761
9,5,302.8,0.0499789,302.8,0.0499789,302.8,0.0499789,302.8,0.0499789,302.8,0.0499789,302.8,0.0499789
10,5.5,302.8,0.0499813,302.8,0.0499813,302.8,0.0499813,302.8,0.0499813,302.8,0.0499813,302.8,0.0499813
11,6,302.8,0.0499834,302.8,0.0499834,302.8,0.0499834,302.8,0.0499834,302.8,0.0499834,302.8,0.0499834
12,6.5,302.8,0.0499854,302.8,0.0499854,302.8,0.0499854,302.8,0.0499854,302.8,0.0499854,302.8,0.0499854
13,7,302.8,0.0499871,302.8,0.0499871,302.8,0.0499871,302.8,0.0499871,302.8,0.0499871,302.8,0.0499871
14,7.5,302.8,0.0499888,302.8,0.0499888,302.8,0.0499888,302.8,0.0499888,302.8,0.0499888,302.8,0.0499888
15,8,302.8,0.0499904,302.8,0.0499904,302.8,0.0499904,302.8,0.0499904,302.8,0.0499904,302.8,0.0499904
16,8.5,302.8,0.0499918,302.8,0.0499918,302.8,0.0499918,302.8,0.0499918,302.8,0.0499918,302.8,0.0499918
17,9,302.8,0.0499931,302.8,0.0499931,302.8,0.0499931,302.8,0.0499931,302.8,0.0499931,302.8,0.0499931
18,9.5,302.8,0.0499941,302.8,0.0499941,302.8,0.0499941,302.8,0.0499941,302.8,0.0499941,302.8,0.0499941
19,10,302.8,0.0499949,302.8,0.0499949,302.8,0.0499949,302.8,0.0499949,302.8,0.0499949,302.8,0.0499949
20,10.5,302.8,0.0499951,302.8,0.0499951,302.8,0.0499951,302.8,0.0499951,302.8,0.0499951,302.8,0.0499951
21,11,302.8,0.0499948,302.8,0.0499948,302.8,0.0499948,302.8,0.0499948,302.8,0.0499948,302.8,0.0499948
22,11.5,302.8,0.0499938,302.8,0.0499938,302.8,0.0499938,302.8,0.0499938,302.8,0.0499938,302.8,0.0499938
23,12,302.8,0.0499921,302.8,0.0499921,302.8,0.0499921,302.8,0.0499921,302.8,0.0499921,302.8,0.0499921
24,12.5,302.8,0.049989,302.8,0.049989,302.8,0.049989,302.8,0.049989,302.8,0.049989,302.8,0.049989
25,13,302.8,0.0499833,302.8,0.0499833,302.8,0.0499833,302.8,0.0499833,302.8,0.0499833,302.8,0.0499833
26,13.5,302.8,0.0499762,302.8,0.0499762,302.8,0.0499762,302.8,0.0499762,302.8,0.0499762,302.8,0.0499762
27,14,302.8,0.049975,302.8,0.049975,302.8,0.049975,302.8,0.049975,302.8,0.049975,302.8,0.049975
28,14.5,302.8,0.0499741,302.8,0.0499741,302.8,0.0499741,302.8,0.0499741,302.8,0.0499741,302.8,0.0499741
29,15,302.8,0.0499743,302.8,0.0499743,302.8,0.0499743,302.8,0.0499743,302.8,0.0499743,302.8,0.0499743
30,15.5,302.8,0.0499756,302.8,0.0499756,302.8,0.0499756,302.8,0.0499756,302.8,0.0499756,302.8,0.0499756
31,16,302.8,0.0499756,302.8,0.0499756,302.8,0.0499756,302.8,0.0499756,302.8,0.0499756,302.8,0.0499756
32,16.5,302.8,0.0499747,302.8,0.0499747,302.8,0.0499747,302.8,0.0499747,302.8,0.0499747,302.8,0.0499747
33,17,302.8,0.0499736,302.8,0.0499736,302.8,0.0499736,302.8,0.0499736,302.8,0.0499736,302.8,0.0499736
34,17.5,302.8,0.0499729,302.8,0.0499729,302.8,0.0499729,302.8,0.0499729,302.8,0.0499729,302.8,0.0499729
35,18,302.8,0.0499721,302.8,0.0499721,302.8,0.0499721,302.8,0.0499721,302.8,0.0499721,302.8,0.0499721
36,18.5,302.8,0.0499716,302.8,0.0499716,302.8,0.0499716,302.8,0.0499716,302.8,0.0499716,302.8,0.0499716
37,19,302.8,0.0499721,302.8,0.0499721,302.8,0.0499721,302.8,0.0499721,302.8,0.0499721,302.8,0.0499721
38,19.5,302.8,0.0499727,302.8,0.0499727,302.8,0.0499727,302.8,0.0499727,302.8,0.0499727,302.8,0.0499727
39,20,302.801,0.0499732,302.801,0.0499732,302.801,0.0499732,302.801,0.0499732,302.801,0.0499732,302.801,0.0499732
40,20.5,302.801,0.0499738,302.801,0.0499738,302.801,0.0499738,302.801,0.0499738,302.801,0.0499738,302.801,0.0499738
41,21,302.801,0.0499742,302.801,0.0499742,302.801,0.0499742,302.801,0.0499742,302.801,0.0499742,302.801,0.0499742
42,21.5,302.802,0.0499746,302.802,0.0499746,302.802,0.0499746,302.802,0.0499746,302.802,0.0499746,302.802,0.0499746
43,22,302.804,0.0499748,302.804,0.0499748,302.804,0.0499748,302.804,0.0499748,302.804,0.0499748,302.804,0.0499748
44,22.5,302.806,0.0499749,302.806,0.0499749,302.806,0.0499749,302.806,0.0499749,302.806,0.0499749,302.806,0.0499749
45,23,302.808,0.0499753,302.808,0.0499753,302.808,0.0499753,302.808,0.0499753,302.808,0.0499753,302.808,0.0499753
46,23.5,302.812,0.0499754,302.812,0.0499754,302.812,0.0499754,302.812,0.0499754,302.812,0.0499754,302.812,0.0499754
47,24,302.816,0.049975,302.816,0.049975,302.816,0.049975,302.816,0.049975,302.816,0.049975,302.816,0.049975
48,24.5,302.822,0.0499745,302.822,0.0499745,302.822,0.0499745,302.822,0.0499745,302.822,0.0499745,302.822,0.0499745
49,25,302.829,0.0499745,302.829,0.0499745,302.829,0.0499745,302.829,0.0499745,302.829,0.0499745,302.829,0.0499745
50,25.5,302.837,0.0499746,302.837,0.0499746,302.837,0.0499746,302.837,0.0499746,302.837,0.0499746,302.837,0.0499746
51,26,302.848,0.0499744,302.848,0.0499744,302.848,0.0499744,302.848,0.0499744,302.848,0.0499744,302.848,0.0499744
52,26.5,302.86,0.0499744,302.86,0.0499744,302.86,0.0499744,302.86,0.0499744,302.86,0.0499744,302.86,0.0499744
53,27,302.876,0.0499749,302.876,0.0499749,302.876,0.0499749,302.876,0.0499749,302.876,0.0499749,302.876,0.0499749
54,27.5,302.894,0.0499752,302.894,0.0499752,302.894,0.0499752,302.894,0.0499752,302.894,0.0499752,302.894,0.0499752
55,28,302.916,0.0499758,302.916,0.0499758,302.916,0.0499758,302.916,0.0499758,302.916,0.0499758,302.916,0.0499758
56,28.5,302.941,0.0499774,302.941,0.0499774,302.941,0.0499774,302.941,0.0499774,302.941,0.0499774,302.941,0.0499774
57,29,302.97,0.0499794,302.97,0.0499794,302.97,0.0499794,302.97,0.0499794,302.97,0.0499794,302.97,0.0499794
58,29.5,303.002,0.0499816,303.002,0.0499816,303.002,0.0499816,303.002,0.0499816,303.002,0.0499816,303.002,0.0499816
59,30,303.037,0.0499847,303.037,0.0499847,303.037,0.0499847,303.037,0.0499847,303.037,0.0499847,303.037,0.0499847
60,30.5,303.075,0.0499878,303.075,0.0499878,303.075,0.0499878,303.075,0.0499878,303.075,0.0499878,303.075,0.0499878
61,31,303.115,0.049991,303.115,0.049991,303.115,0.049991,303.115,0.049991,303.115,0.049991,303.115,0.049991
62,31.5,303.157,0.0499949,303.157,0.0499949,303.157,0.0499949,303.157,0.0499949,303.157,0.0499949,303.157,0.0499949
63,32,303.2,0.0499999,303.2,0.0499999,303.2,0.0499999,303.2,0.0499999,303.2,0.0499999,303.2,0.0499999
64,32.5,303.244,0.0500049,303.244,0.0500049,303.244,0.0500049,303.244,0.0500049,303.244,0.0500049,303.244,0.0500049
65,33,303.288,0.0500099,303.288,0.0500099,303.288,0.0500099,303.288,0.0500099,303.288,0.0500099,303.288,0.0500099
66,33.5,303.332,0.0500145,303.332,0.0500145,303.332,0.0500145,303.332,0.0500145,303.332,0.0500145,303.332,0.0500145
67,34,303.375,0.0500196,303.375,0.0500196,303.375,0.0500196,303.375,0.0500196,303.375,0.0500196,303.375,0.0500196
68,34.5,303.418,0.0500248,303.418,0.0500248,303.418,0.0500248,303.418,0.0500248,303.418,0.0500248,303.418,0.0500248
69,35,303.461,0.0500297,303.461,0.0500297,303.461,0.0500297,303.461,0.0500297,303.461,0.0500297,303.461,0.0500297
70,35.5,303.502,0.0500339,303.502,0.0500339,303.502,0.0500339,303.502,0.0500339,303.502,0.0500339,303.502,0.0500339
71,36,303.543,0.0500387,303.543,0.0500387,303.543,0.0500387,303.543,0.0500387,303.543,0.0500387,303.543,0.0500387
72,36.5,303.583,0.0500432,303.583,0.0500432,303.583,0.0500432,303.583,0.0500432,303.583,0.0500432,303.583,0.0500432
73,37,303.622,0.0500489,303.622,0.0500489,303.622,0.0500489,303.622,0.0500489,303.622,0.0500489,303.622,0.0500489
74,37.5,303.659,0.0500549,303.659,0.0500549,303.659,0.0500549,303.659,0.0500549,303.659,0.0500549,303.659,0.0500549
75,38,303.695,0.0500607,303.695,0.0500607,303.695,0.0500607,303.695,0.0500607,303.695,0.0500607,303.695,0.0500607
76,38.5,303.73,0.0500663,303.73,0.0500663,303.73,0.0500663,303.73,0.0500663,303.73,0.0500663,303.73,0.0500663
77,39,303.765,0.0500714,303.765,0.0500714,303.765,0.0500714,303.765,0.0500714,303.765,0.0500714,303.765,0.0500714
78,39.5,303.798,0.050076,303.798,0.050076,303.798,0.050076,303.798,0.050076,303.798,0.050076,303.798,0.050076
79,40,303.83,0.0500796,303.83,0.0500796,303.83,0.0500796,303.83,0.0500796,303.83,0.0500796,303.83,0.0500796
80,40.5,303.862,0.0500812,303.862,0.0500812,303.862,0.0500812,303.862,0.0500812,303.862,0.0500812,303.862,0.0500812
81,41,303.893,0.0500807,303.893,0.0500807,303.893,0.0500807,303.893,0.0500807,303.893,0.0500807,303.893,0.0500807
82,41.5,303.924,0.050082,303.924,0.050082,303.924,0.050082,303.924,0.050082,303.924,0.050082,303.924,0.050082
83,42,303.955,0.0500811,303.955,0.0500811,303.955,0.0500811,303.955,0.0500811,303.955,0.0500811,303.955,0.0500811
84,42.5,303.986,0.0500773,303.986,0.0500773,303.986,0.0500773,303.986,0.0500773,303.986,0.0500773,303.986,0.0500773
85,43,304.017,0.0500754,304.017,0.0500754,304.017,0.0500754,304.017,0.0500754,304.017,0.0500754,304.017,0.0500754
86,43.5,304.048,0.0500736,304.048,0.0500736,304.048,0.0500736,304.048,0.0500736,304.048,0.0500736,304.048,0.0500736
87,44,304.077,0.0500723,304.077,0.0500723,304.077,0.0500723,304.077,0.0500723,304.077,0.0500723,304.077,0.0500723
88,44.5,304.106,0.0500711,304.106,0.0500711,304.106,0.0500711,304.106,0.0500711,304.106,0.0500711,304.106,0.0500711
89,45,304.134,0.0500707,304.134,0.0500707,304.134,0.0500707,304.134,0.0500707,304.134,0.0500707,304.134,0.0500707
90,45.5,304.161,0.0500699,304.161,0.0500699,304.161,0.0500699,304.161,0.0500699,304.161,0.0500699,304.161,0.0500699
91,46,304.188,0.0500694,304.188,0.0500694,304.188,0.0500694,304.188,0.0500694,304.188,0.0500694,304.188,0.0500694
92,46.5,304.213,0.0500697,304.213,0.0500697,304.213,0.0500697,304.213,0.0500697,304.213,0.0500697,304.213,0.0500697
93,47,304.238,0.05007,304.238,0.05007,304.238,0.05007,304.238,0.05007,304.238,0.05007,304.238,0.05007
94,47.5,304.263,0.0500699,304.263,0.0500699,304.263,0.0500699,304.263,0.0500699,304.263,0.0500699,304.263,0.0500699
95,48,304.286,0.0500697,304.286,0.0500697,304.286,0.0500697,304.286,0.0500697,304.286,0.0500697,304.286,0.0500697
96,48.5,304.31,0.0500692,304.31,0.0500692,304.31,0.0500692,304.31,0.0500692,304.31,0.0500692,304.31,0.0500692
97,49,304.333,0.050069,304.333,0.050069,304.333,0.050069,304.333,0.050069,304.333,0.050069,304.333,0.050069
98,49.5,304.357,0.0500677,304.357,0.0500677,304.357,0.0500677,304.357,0.0500677,304.357,0.0500677,304.357,0.0500677
99,50,304.38,0.0500655,304.38,0.0500655,304.38,0.0500655,304.38,0.0500655,304.38,0.0500655,304.38,0.0500655
100,50.5,304.405,0.0500633,304.405,0.0500633,304.405,0.0500633,304.405,0.0500633,304.405,0.0500633,304.405,0.0500633
101,51,304.429,0.0500592,304.429,0.0500592,304.429,0.0500592,304.429,0.0500592,304.429,0.0500592,304.429,0.0500592
102,51.5,304.454,0.0500547,304.454,0.0500547,304.454,0.0500547,304.454,0.0500547,304.454,0.0500547,304.454,0.0500547
103,52,304.478,0.0500506,304.478,0.0500506,304.478,0.0500506,304.478,0.0500506,304.478,0.0500506,304.478,0.0500506
104,52.5,304.504,0.0500492,304.504,0.0500492,304.504,0.0500492,304.504,0.0500492,304.504,0.0500492,304.504,0.0500492
105,53,304.529,0.0500475,304.529,0.0500475,304.529,0.0500475,304.529,0.0500475,304.529,0.0500475,304.529,0.0500475
106,53.5,304.553,0.0500458,304.553,0.0500458,304.553,0.0500458,304.553,0.0500458,304.553,0.0500458,304.553,0.0500458
107,54,304.576,0.0500444,304.576,0.0500444,304.576,0.0500444,304.576,0.0500444,304.576,0.0500444,304.576,0.0500444
108,54.5,304.599,0.050043,304.599,0.050043,304.599,0.050043,304.599,0.050043,304.599,0.050043,304.599,0.050043
109,55,304.621,0.0500414,304.621,0.0500414,304.621,0.0500414,304.621,0.0500414,304.621,0.0500414,304.621,0.0500414
110,55.5,304.643,0.0500393,304.643,0.0500393,304.643,0.0500393,304.643,0.0500393,304.643,0.0500393,304.643,0.0500393
111,56,304.666,0.0500369,304.666,0.0500369,304.666,0.0500369,304.666,0.0500369,304.666,0.0500369,304.666,0.0500369
112,56.5,304.688,0.0500339,304.688,0.0500339,304.688,0.0500339,304.688,0.0500339,304.688,0.0500339,304.688,0.0500339
113,57,304.711,0.0500303,304.711,0.0500303,304.711,0.0500303,304.711,0.0500303,304.711,0.0500303,304.711,0.0500303
114,57.5,304.735,0.0500253,304.735,0.0500253,304.735,0.0500253,304.735,0.0500253,304.735,0.0500253,304.735,0.0500253
115,58,304.758,0.0500179,304.758,0.0500179,304.758,0.0500179,304.758,0.0500179,304.758,0.0500179,304.758,0.0500179
116,58.5,304.785,0.0500163,304.785,0.0500163,304.785,0.0500163,304.785,0.0500163,304.785,0.0500163,304.785,0.0500163
117,59,304.81,0.050016,304.81,0.050016,304.81,0.050016,304.81,0.050016,304.81,0.050016,304.81,0.050016
118,59.5,304.833,0.0500153,304.833,0.0500153,304.833,0.0500153,304.833,0.0500153,304.833,0.0500153,304.833,0.0500153
119,60,304.855,0.0500141,304.855,0.0500141,304.855,0.0500141,304.855,0.0500141,304.855,0.0500141,304.855,0.0500141
120,60.5,304.876,0.0500124,304.876,0.0500124,304.876,0.0500124,304.876,0.0500124,304.876,0.0500124,304.876,0.0500124
121,61,304.897,0.0500104,304.897,0.0500104,304.897,0.0500104,304.897,0.0500104,304.897,0.0500104,304.897,0.0500104
122,61.5,304.919,0.0500084,304.919,0.0500084,304.919,0.0500084,304.919,0.0500084,304.919,0.0500084,304.919,0.0500084
123,62,304.94,0.050005,304.94,0.050005,304.94,0.050005,304.94,0.050005,304.94,0.050005,304.94,0.050005
124,62.5,304.961,0.0500014,304.961,0.0500014,304.961,0.0500014,304.961,0.0500014,304.961,0.0500014,304.961,0.0500014
125,63,304.984,0.0500017,304.984,0.0500017,304.984,0.0500017,304.984,0.0500017,304.984,0.0500017,304.984,0.0500017
126,63.5,305.005,0.0500028,305.005,0.0500028,305.005,0.0500028,305.005,0.0500028,305.005,0.0500028,305.005,0.0500028
127,64,305.023,0.0500042,305.023,0.0500042,305.023,0.0500042,305.023,0.0500042,305.023,0.0500042,305.023,0.0500042
128,64.5,305.039,0.0500059,305.039,0.0500059,305.039,0.0500059,305.039,0.0500059,305.039,0.0500059,305.039,0.0500059
129,65,305.053,0.0500079,305.053,0.0500079,305.053,0.0500079,305.053,0.0500079,305.053,0.0500079,305.053,0.0500079
130,65.5,305.066,0.05001,305.066,0.05001,305.066,0.05001,305.066,0.05001,305.066,0.05001,305.066,0.05001
131,66,305.078,0.0500141,305.078,0.0500141,305.078,0.0500141,305.078,0.0500141,305.078,0.0500141,305.078,0.0500141
132,66.5,305.09,0.050018,305.09,0.050018,305.09,0.050018,305.09,0.050018,305.09,0.050018,305.09,0.050018
133,67,305.102,0.0500221,305.102,0.0500221,305.102,0.0500221,305.102,0.0500221,305.102,0.0500221,305.102,0.0500221
134,67.5,305.112,0.0500273,305.112,0.0500273,305.112,0.0500273,305.112,0.0500273,305.112,0.0500273,305.112,0.0500273
135,68,305.123,0.0500327,305.123,0.0500327,305.123,0.0500327,305.123,0.0500327,305.123,0.0500327,305.123,0.0500327
136,68.5,305.132,0.0500383,305.132,0.0500383,305.132,0.0500383,305.132,0.0500383,305.132,0.0500383,305.132,0.0500383
137,69,305.14,0.050045,305.14,0.050045,305.14,0.050045,305.14,0.050045,305.14,0.050045,305.14,0.050045
138,69.5,305.147,0.0500527,305.147,0.0500527,305.147,0.0500527,305.147,0.0500527,305.147,0.0500527,305.147,0.0500527
139,70,305.154,0.0500609,305.154,0.0500609,305.154,0.0500609,305.154,0.0500609,305.154,0.0500609,305.154,0.0500609
140,70.5,305.16,0.0500689,305.16,0.0500689,305.16,0.0500689,305.16,0.0500689,305.16,0.0500689,305.16,0.0500689
141,71,305.167,0.050074,305.167,0.050074,305.167,0.050074,305.167,0.050074,305.167,0.050074,305.167,0.050074
142,71.5,305.175,0.05008,305.175,0.05008,305.175,0.05008,305.175,0.05008,305.175,0.05008,305.175,0.05008
143,72,305.182,0.0500874,305.182,0.0500874,305.182,0.0500874,305.182,0.0500874,305.182,0.0500874,305.182,0.0500874
144,72.5,305.189,0.0500947,305.189,0.0500947,305.189,0.0500947,305.189,0.0500947,305.189,0.0500947,305.189,0.0500947
145,73,305.195,0.0501012,305.195,0.0501012,305.195,0.0501012,305.195,0.0501012,305.195,0.0501012,305.195,0.0501012
146,73.5,305.201,0.0501105,305.201,0.0501105,305.201,0.0501105,305.201,0.0501105,305.201,0.0501105,305.201,0.0501105
147,74,305.208,0.050117,305.208,0.050117,305.208,0.050117,305.208,0.050117,305.208,0.050117,305.208,0.050117
148,74.5,305.217,0.0501202,305.217,0.0501202,305.217,0.0501202,305.217,0.0501202,305.217,0.0501202,305.217,0.0501202
149,75,305.226,0.0501224,305.226,0.0501224,305.226,0.0501224,305.226,0.0501224,305.226,0.0501224,305.226,0.0501224
150,75.5,305.236,0.050123,305.236,0.050123,305.236,0.050123,305.236,0.050123,305.236,0.050123,305.236,0.050123
151,76,305.25,0.0501203,305.25,0.0501203,305.25,0.0501203,305.25,0.0501203,305.25,0.0501203,305.25,0.0501203
152,76.5,305.266,0.0501148,305.266,0.0501148,305.266,0.0501148,305.266,0.0501148,305.266,0.0501148,305.266,0.0501148
153,77,305.287,0.0501113,305.287,0.0501113,305.287,0.0501113,305.287,0.0501113,305.287,0.0501113,305.287,0.0501113
154,77.5,305.309,0.0501048,305.309,0.0501048,305.309,0.0501048,305.309,0.0501048,305.309,0.0501048,305.309,0.0501048
155,78,305.331,0.0500955,305.331,0.0500955,305.331,0.0500955,305.331,0.0500955,305.331,0.0500955,305.331,0.0500955
156,78.5,305.355,0.0500834,305.355,0.0500834,305.355,0.0500834,305.355,0.0500834,305.355,0.0500834,305.355,0.0500834
157,79,305.381,0.0500698,305.381,0.0500698,305.381,0.0500698,305.381,0.0500698,305.381,0.0500698,305.381,0.0500698
158,79.5,305.408,0.0500525,305.408,0.0500525,305.408,0.0500525,305.408,0.0500525,305.408,0.0500525,305.408,0.0500525
159,80,305.441,0.0500362,305.441,0.0500362,305.441,0.0500362,305.441,0.0500362,305.441,0.0500362,305.441,0.0500362
160,80.5,305.474,0.0500269,305.474,0.0500269,305.474,0.0500269,305.474,0.0500269,305.474,0.0500269,305.474,0.0500269
161,81,305.498,0.0500191,305.498,0.0500191,305.498,0.0500191,305.498,0.0500191,305.498,0.0500191,305.498,0.0500191
162,81.5,305.522,0.0500124,305.522,0.0500124,305.522,0.0500124,305.522,0.0500124,305.522,0.0500124,305.522,0.0500124
163,82,305.546,0.0500063,305.546,0.0500063,305.546,0.0500063,305.546,0.0500063,305.546,0.0500063,305.546,0.0500063
164,82.5,305.573,0.0500007,305.573,0.0500007,305.573,0.0500007,305.573,0.0500007,305.573,0.0500007,305.573,0.0500007
165,83,305.605,0.0499933,305.605,0.0499933,305.605,0.0499933,305.605,0.0499933,305.605,0.0499933,305.605,0.0499933
166,83.5,305.646,0.0499583,305.646,0.0499583,305.646,0.0499583,305.646,0.0499583,305.646,0.0499583,305.646,0.0499583
167,84,305.715,0.0499711,305.715,0.0499711,305.715,0.0499711,305.715,0.0499711,305.715,0.0499711,305.715,0.0499711
168,84.5,305.746,0.0499722,305.746,0.0499722,305.746,0.0499722,305.746,0.0499722,305.746,0.0499722,305.746,0.0499722
169,85,305.762,0.0499704,305.762,0.0499704,305.762,0.0499704,305.762,0.0499704,305.762,0.0499704,305.762,0.0499704
170,85.5,305.775,0.0499701,305.775,0.0499701,305.775,0.0499701,305.775,0.0499701,305.775,0.0499701,305.775,0.0499701
171,86,305.787,0.0499699,305.787,0.0499699,305.787,0.0499699,305.787,0.0499699,305.787,0.0499699,305.787,0.0499699
172,86.5,305.798,0.0499709,305.798,0.0499709,305.798,0.0499709,305.798,0.0499709,305.798,0.0499709,305.798,0.0499709
173,87,305.809,0.0499715,305.809,0.0499715,305.809,0.0499715,305.809,0.0499715,305.809,0.0499715,305.809,0.0499715
174,87.5,305.818,0.049972,305.818,0.049972,305.818,0.049972,305.818,0.049972,305.818,0.049972,305.818,0.049972
175,88,305.828,0.0499724,305.828,0.0499724,305.828,0.0499724,305.828,0.0499724,305.828,0.0499724,305.828,0.0499724
176,88.5,305.837,0.0499726,305.837,0.0499726,305.837,0.0499726,305.837,0.0499726,305.837,0.0499726,305.837,0.0499726
177,89,305.846,0.0499729,305.846,0.0499729,305.846,0.0499729,305.846,0.0499729,305.846,0.0499729,305.846,0.0499729
178,89.5,305.856,0.0499732,305.856,0.0499732,305.856,0.0499732,305.856,0.0499732,305.856,0.0499732,305.856,0.0499732
179,90,305.865,0.049974,305.865,0.049974,305.865,0.049974,305.865,0.049974,305.865,0.049974,305.865,0.049974
180,90.5,305.874,0.0499751,305.874,0.0499751,305.874,0.0499751,305.874,0.0499751,305.874,0.0499751,305.874,0.0499751
181,91,305.883,0.0499765,305.883,0.0499765,305.883,0.0499765,305.883,0.0499765,305.883,0.0499765,305.883,0.0499765
182,91.5,305.892,0.0499785,305.892,0.0499785,305.892,0.0499785,305.892,0.0499785,305.892,0.0499785,305.892,0.0499785
183,92,305.901,0.0499803,305.901,0.0499803,305.901,0.0499803,305.901,0.0499803,305.901,0.0499803,305.901,0.0499803
184,92.5,305.909,0.0499824,305.909,0.0499824,305.909,0.0499824,305.909,0.0499824,305.909,0.0499824,305.909,0.0499824
185,93,305.918,0.0499848,305.918,0.0499848,305.918,0.0499848,305.918,0.0499848,305.918,0.0499848,305.918,0.0499848
186,93.5,305.927,0.0499875,305.927,0.0499875,305.927,0.0499875,305.927,0.0499875,305.927,0.0499875,305.927,0.0499875
187,94,305.935,0.0499899,305.935,0.0499899,305.935,0.0499899,305.935,0.0499899,305.935,0.0499899,305.935,0.0499899
188,94.5,305.944,0.0499931,305.944,0.0499931,305.944,0.0499931,305.944,0.0499931,305.944,0.0499931,305.944,0.0499931
189,95,305.952,0.0499973,305.952,0.0499973,305.952,0.0499973,305.952,0.0499973,305.952,0.0499973,305.952,0.0499973
190,95.5,305.96,0.0500019,305.96,0.0500019,305.96,0.0500019,305.96,0.0500019,305.96,0.0500019,305.96,0.0500019
191,96,305.968,0.0500064,305.968,0.0500064,305.968,0.0500064,305.968,0.0500064,305.968,0.0500064,305.968,0.0500064
192,96.5,305.976,0.0500103,305.976,0.0500103,305.976,0.0500103,305.976,0.0500103,305.976,0.0500103,305.976,0.0500103
193,97,305.983,0.0500146,305.983,0.0500146,305.983,0.0500146,305.983,0.0500146,305.983,0.0500146,305.983,0.0500146
194,97.5,305.991,0.0500194,305.991,0.0500194,305.991,0.0500194,305.991,0.0500194,305.991,0.0500194,305.991,0.0500194
195,98,305.998,0.0500248,305.998,0.0500248,305.998,0.0500248,305.998,0.0500248,305.998,0.0500248,305.998,0.0500248
196,98.5,306.005,0.0500294,306.005,0.0500294,306.005,0.0500294,306.005,0.0500294,306.005,0.0500294,306.005,0.0500294
197,99,306.012,0.0500349,306.012,0.0500349,306.012,0.0500349,306.012,0.0500349,306.012,0.0500349,306.012,0.0500349
198,99.5,306.019,0.0500404,306.019,0.0500404,306.019,0.0500404,306.019,0.0500404,306.019,0.0500404,306.019,0.0500404
199,100,306.025,0.0500474,306.025,0.0500474,306.025,0.0500474,306.025,0.0500474,306.025,0.0500474,306.025,0.0500474
200,100.5,306.032,0.0500542,306.032,0.0500542,306.032,0.0500542,306.032,0.0500542,306.032,0.0500542,306.032,0.0500542
201,101,306.038,0.0500606,306.038,0.0500606,306.038,0.0500606,306.038,0.0500606,306.038,0.0500606,306.038,0.0500606
202,101.5,306.045,0.0500664,306.045,0.0500664,306.045,0.0500664,306.045,0.0500664,306.045,0.0500664,306.045,0.0500664
203,102,306.051,0.0500717,306.051,0.0500717,306.051,0.0500717,306.051,0.0500717,306.051,0.0500717,306.051,0.0500717
204,102.5,306.058,0.0500765,306.058,0.0500765,306.058,0.0500765,306.058,0.0500765,306.058,0.0500765,306.058,0.0500765
205,103,306.064,0.0500789,306.064,0.0500789,306.064,0.0500789,306.064,0.0500789,306.064,0.0500789,306.064,0.0500789
206,103.5,306.071,0.050082,306.071,0.050082,306.071,0.050082,306.071,0.050082,306.071,0.050082,306.071,0.050082
207,104,306.077,0.0500834,306.077,0.0500834,306.077,0.0500834,306.077,0.0500834,306.077,0.0500834,306.077,0.0500834
208,104.5,306.084,0.050084,306.084,0.050084,306.084,0.050084,306.084,0.050084,306.084,0.050084,306.084,0.050084
209,105,306.091,0.0500817,306.091,0.0500817,306.091,0.0500817,306.091,0.0500817,306.091,0.0500817,306.091,0.0500817
210,105.5,306.099,0.0500814,306.099,0.0500814,306.099,0.0500814,306.099,0.0500814,306.099,0.0500814,306.099,0.0500814
211,106,306.106,0.0500799,306.106,0.0500799,306.106,0.0500799,306.106,0.0500799,306.106,0.0500799,306.106,0.0500799
212,106.5,306.114,0.0500784,306.114,0.0500784,306.114,0.0500784,306.114,0.0500784,306.114,0.0500784,306.114,0.0500784
213,107,306.121,0.0500767,306.121,0.0500767,306.121,0.0500767,306.121,0.0500767,306.121,0.0500767,306.121,0.0500767
214,107.5,306.128,0.050075,306.128,0.050075,306.128,0.050075,306.128,0.050075,306.128,0.050075,306.128,0.050075
215,108,306.135,0.0500733,306.135,0.0500733,306.135,0.0500733,306.135,0.0500733,306.135,0.0500733,306.135,0.0500733
216,108.5,306.141,0.0500714,306.141,0.0500714,306.141,0.0500714,306.141,0.0500714,306.141,0.0500714,306.141,0.0500714
217,109,306.148,0.0500702,306.148,0.0500702,306.148,0.0500702,306.148,0.0500702,306.148,0.0500702,306.148,0.0500702
218,109.5,306.155,0.0500695,306.155,0.0500695,306.155,0.0500695,306.155,0.0500695,306.155,0.0500695,306.155,0.0500695
219,110,306.162,0.0500688,306.162,0.0500688,306.162,0.0500688,306.162,0.0500688,306.162,0.0500688,306.162,0.0500688
220,110.5,306.168,0.0500685,306.168,0.0500685,306.168,0.0500685,306.168,0.0500685,306.168,0.0500685,306.168,0.0500685
221,111,306.174,0.0500683,306.174,0.0500683,306.174,0.0500683,306.174,0.0500683,306.174,0.0500683,306.174,0.0500683
222,111.5,306.18,0.0500678,306.18,0.0500678,306.18,0.0500678,306.18,0.0500678,306.18,0.0500678,306.18,0.0500678
223,112,306.186,0.0500667,306.186,0.0500667,306.186,0.0500667,306.186,0.0500667,306.186,0.0500667,306.186,0.0500667
224,112.5,306.192,0.050065,306.192,0.050065,306.192,0.050065,306.192,0.050065,306.192,0.050065,306.192,0.050065
225,113,306.198,0.0500633,306.198,0.0500633,306.198,0.0500633,306.198,0.0500633,306.198,0.0500633,306.198,0.0500633
226,113.5,306.204,0.0500598,306.204,0.0500598,306.204,0.0500598,306.204,0.0500598,306.204,0.0500598,306.204,0.0500598
227,114,306.21,0.0500562,306.21,0.0500562,306.21,0.0500562,306.21,0.0500562,306.21,0.0500562,306.21,0.0500562
228,114.5,306.215,0.050053,306.215,0.050053,306.215,0.050053,306.215,0.050053,306.215,0.050053,306.215,0.050053
229,115,306.221,0.0500521,306.221,0.0500521,306.221,0.0500521,306.221,0.0500521,306.221,0.0500521,306.221,0.0500521
230,115.5,306.227,0.0500513,306.227,0.0500513,306.227,0.0500513,306.227,0.0500513,306.227,0.0500513,306.227,0.0500513
231,116,306.233,0.0500505,306.233,0.0500505,306.233,0.0500505,306.233,0.0500505,306.233,0.0500505,306.233,0.0500505
232,116.5,306.238,0.0500497,306.238,0.0500497,306.238,0.0500497,306.238,0.0500497,306.238,0.0500497,306.238,0.0500497
233,117,306.243,0.0500487,306.243,0.0500487,306.243,0.0500487,306.243,0.0500487,306.243,0.0500487,306.243,0.0500487
234,117.5,306.249,0.0500477,306.249,0.0500477,306.249,0.0500477,306.249,0.0500477,306.249,0.0500477,306.249,0.0500477
235,118,306.254,0.0500464,306.254,0.0500464,306.254,0.0500464,306.254,0.0500464,306.254,0.0500464,306.254,0.0500464
236,118.5,306.26,0.0500449,306.26,0.0500449,306.26,0.0500449,306.26,0.0500449,306.26,0.0500449,306.26,0.0500449
237,119,306.265,0.0500428,306.265,0.0500428,306.265,0.0500428,306.265,0.0500428,306.265,0.0500428,306.265,0.0500428
238,119.5,306.271,0.0500404,306.271,0.0500404,306.271,0.0500404,306.271,0.0500404,306.271,0.0500404,306.271,0.0500404
239,120,306.276,0.0500374,306.276,0.0500374,306.276,0.0500374,306.276,0.0500374,306.276,0.0500374,306.276,0.0500374
240,120.5,306.282,0.0500334,306.282,0.0500334,306.282,0.0500334,306.282,0.0500334,306.282,0.0500334,306.282,0.0500334
241,121,306.288,0.0500292,306.288,0.0500292,306.288,0.0500292,306.288,0.0500292,306.288,0.0500292,306.288,0.0500292
242,121.5,306.295,0.0500208,306.295,0.0500208,306.295,0.0500208,306.295,0.0500208,306.295,0.0500208,306.295,0.0500208
243,122,306.302,0.0500163,306.302,0.0500163,306.302,0.0500163,306.302,0.0500163,306.302,0.0500163,306.302,0.0500163
244,122.5,306.31,0.0500156,306.31,0.0500156,306.31,0.0500156,306.31,0.0500156,306.31,0.0500156,306.31,0.0500156
245,123,306.316,0.0500148,306.316,0.0500148,306.316,0.0500148,306.316,0.0500148,306.316,0.0500148,306.316,0.0500148
246,123.5,306.323,0.0500131,306.323,0.0500131,306.323,0.0500131,306.323,0.0500131,306.323,0.0500131,306.323,0.0500131
247,124,306.328,0.0500107,306.328,0.0500107,306.328,0.0500107,306.328,0.0500107,306.328,0.0500107,306.328,0.0500107
248,124.5,306.334,0.0500084,306.334,0.0500084,306.334,0.0500084,306.334,0.0500084,306.334,0.0500084,306.334,0.0500084
249,125,306.339,0.0500048,306.339,0.0500048,306.339,0.0500048,306.339,0.0500048,306.339,0.0500048,306.339,0.0500048
250,125.5,306.345,0.0500009,306.345,0.0500009,306.345,0.0500009,306.345,0.0500009,306.345,0.0500009,306.345,0.0500009
251,126,306.351,0.0500009,306.351,0.0500009,306.351,0.0500009,306.351,0.0500009,306.351,0.0500009,306.351,0.0500009
252,126.5,306.357,0.0500016,306.357,0.0500016,306.357,0.0500016,306.357,0.0500016,306.357,0.0500016,306.357,0.0500016
253,127,306.362,0.0500029,306.362,0.0500029,306.362,0.0500029,306.362,0.0500029,306.362,0.0500029,306.362,0.0500029
254,127.5,306.366,0.0500044,306.366,0.0500044,306.366,0.0500044,306.366,0.0500044,306.366,0.0500044,306.366,0.0500044
255,128,306.371,0.0500063,306.371,0.0500063,306.371,0.0500063,306.371,0.0500063,306.371,0.0500063,306.371,0.0500063
256,128.5,306.375,0.050008,306.375,0.050008,306.375,0.050008,306.375,0.050008,306.375,0.050008,306.375,0.050008
257,129,306.379,0.0500122,306.379,0.0500122,306.379,0.0500122,306.379,0.0500122,306.379,0.0500122,306.379,0.0500122
258,129.5,306.382,0.0500168,306.382,0.0500168,306.382,0.0500168,306.382,0.0500168,306.382,0.0500168,306.382,0.0500168
259,130,306.386,0.0500209,306.386,0.0500209,306.386,0.0500209,306.386,0.0500209,306.386,0.0500209,306.386,0.0500209
260,130.5,306.39,0.0500258,306.39,0.0500258,306.39,0.0500258,306.39,0.0500258,306.39,0.0500258,306.39,0.0500258
261,131,306.394,0.0500313,306.394,0.0500313,306.394,0.0500313,306.394,0.0500313,306.394,0.0500313,306.394,0.0500313
262,131.5,306.398,0.050037,306.398,0.050037,306.398,0.050037,306.398,0.050037,306.398,0.050037,306.398,0.050037
263,132,306.401,0.0500438,306.401,0.0500438,306.401,0.0500438,306.401,0.0500438,306.401,0.0500438,306.401,0.0500438
264,132.5,306.405,0.0500518,306.405,0.0500518,306.405,0.0500518,306.405,0.0500518,306.405,0.0500518,306.405,0.0500518
265,133,306.408,0.0500603,306.408,0.0500603,306.408,0.0500603,306.408,0.0500603,306.408,0.0500603,306.408,0.0500603
266,133.5,306.412,0.0500675,306.412,0.0500675,306.412,0.0500675,306.412,0.0500675,306.412,0.0500675,306.412,0.0500675
267,134,306.415,0.0500744,306.415,0.0500744,306.415,0.0500744,306.415,0.0500744,306.415,0.0500744,306.415,0.0500744
268,134.5,306.419,0.0500811,306.419,0.0500811,306.419,0.0500811,306.419,0.0500811,306.419,0.0500811,306.419,0.0500811
269,135,306.422,0.0500895,306.422,0.0500895,306.422,0.0500895,306.422,0.0500895,306.422,0.0500895,306.422,0.0500895
270,135.5,306.425,0.0500987,306.425,0.0500987,306.425,0.0500987,306.425,0.0500987,306.425,0.0500987,306.425,0.0500987
271,136,306.429,0.0501069,306.429,0.0501069,306.429,0.0501069,306.429,0.0501069,306.429,0.0501069,306.429,0.0501069
272,136.5,306.432,0.0501165,306.432,0.0501165,306.432,0.0501165,306.432,0.0501165,306.432,0.0501165,306.432,0.0501165
273,137,306.435,0.050123,306.435,0.050123,306.435,0.050123,306.435,0.050123,306.435,0.050123,306.435,0.050123
274,137.5,306.438,0.0501283,306.438,0.0501283,306.438,0.0501283,306.438,0.0501283,306.438,0.0501283,306.438,0.0501283
275,138,306.441,0.050132,306.441,0.050132,306.441,0.050132,306.441,0.050132,306.441,0.050132,306.441,0.050132
276,138.5,306.445,0.0501305,306.445,0.0501305,306.445,0.0501305,306.445,0.0501305,306.445,0.0501305,306.445,0.0501305
277,139,306.449,0.0501241,306.449,0.0501241,306.449,0.0501241,306.449,0.0501241,306.449,0.0501241,306.449,0.0501241
278,139.5,306.453,0.0501148,306.453,0.0501148,306.453,0.0501148,306.453,0.0501148,306.453,0.0501148,306.453,0.0501148
279,140,306.458,0.0501107,306.458,0.0501107,306.458,0.0501107,306.458,0.0501107,306.458,0.0501107,306.458,0.0501107
280,140.5,306.463,0.0501045,306.463,0.0501045,306.463,0.0501045,306.463,0.0501045,306.463,0.0501045,306.463,0.0501045
281,141,306.468,0.0500953,306.468,0.0500953,306.468,0.0500953,306.468,0.0500953,306.468,0.0500953,306.468,0.0500953
282,141.5,306.473,0.0500835,306.473,0.0500835,306.473,0.0500835,306.473,0.0500835,306.473,0.0500835,306.473,0.0500835
283,142,306.479,0.0500698,306.479,0.0500698,306.479,0.0500698,306.479,0.0500698,306.479,0.0500698,306.479,0.0500698
284,142.5,306.485,0.0500493,306.485,0.0500493,306.485,0.0500493,306.485,0.0500493,306.485,0.0500493,306.485,0.0500493
285,143,306.492,0.0500362,306.492,0.0500362,306.492,0.0500362,306.492,0.0500362,306.492,0.0500362,306.492,0.0500362
286,143.5,306.498,0.0500264,306.498,0.0500264,306.498,0.0500264,306.498,0.0500264,306.498,0.0500264,306.498,0.0500264
287,144,306.503,0.0500182,306.503,0.0500182,306.503,0.0500182,306.503,0.0500182,306.503,0.0500182,306.503,0.0500182
288,144.5,306.508,0.050012,306.508,0.050012,306.508,0.050012,306.508,0.050012,306.508,0.050012,306.508,0.050012
289,145,306.513,0.0500057,306.513,0.0500057,306.513,0.0500057,306.513,0.0500057,306.513,0.0500057,306.513,0.0500057
290,145.5,306.519,0.0500008,306.519,0.0500008,306.519,0.0500008,306.519,0.0500008,306.519,0.0500008,306.519,0.0500008
291,146,306.525,0.0499929,306.525,0.0499929,306.525,0.0499929,306.525,0.0499929,306.525,0.0499929,306.525,0.0499929
292,146.5,306.534,0.0499566,306.534,0.0499566,306.534,0.0499566,306.534,0.0499566,306.534,0.0499566,306.534,0.0499566
293,147,306.548,0.0499712,306.548,0.0499712,306.548,0.0499712,306.548,0.0499712,306.548,0.0499712,306.548,0.0499712
294,147.5,306.554,0.0499722,306.554,0.0499722,306.554,0.0499722,306.554,0.0499722,306.554,0.0499722,306.554,0.0499722
295,148,306.558,0.0499703,306.558,0.0499703,306.558,0.0499703,306.558,0.0499703,306.558,0.0499703,306.558,0.0499703
296,148.5,306.561,0.0499701,306.561,0.0499701,306.561,0.0499701,306.561,0.0499701,306.561,0.0499701,306.561,0.0499701
297,149,306.564,0.0499699,306.564,0.0499699,306.564,0.0499699,306.564,0.0499699,306.564,0.0499699,306.564,0.0499699
298,149.5,306.567,0.049971,306.567,0.049971,306.567,0.049971,306.567,0.049971,306.567,0.049971,306.567,0.049971
299,150,306.569,0.0499716,306.569,0.0499716,306.569,0.0499716,306.569,0.0499716,306.569,0.0499716,306.569,0.0499716
300,150.5,306.571,0.0499719,306.571,0.0499719,306.571,0.0499719,306.571,0.0499719,306.571,0.0499719,306.571,0.0499719
301,151,306.573,0.0499724,306.573,0.0499724,306.573,0.0499724,306.573,0.0499724,306.573,0.0499724,306.573,0.0499724
302,151.5,306.575,0.0499726,306.575,0.0499726,306.575,0.0499726,306.575,0.0499726,306.575,0.0499726,306.575,0.0499726
303,152,306.577,0.0499729,306.577,0.0499729,306.577,0.0499729,306.577,0.0499729,306.577,0.0499729,306.577,0.0499729
304,152.5,306.58,0.0499733,306.58,0.0499733,306.58,0.0499733,306.58,0.0499733,306.58,0.0499733,306.58,0.0499733
305,153,306.582,0.0499742,306.582,0.0499742,306.582,0.0499742,306.582,0.0499742,306.582,0.0499742,306.582,0.0499742
306,153.5,306.585,0.0499754,306.585,0.0499754,306.585,0.0499754,306.585,0.0499754,306.585,0.0499754,306.585,0.0499754
307,154,306.588,0.0499775,306.588,0.0499775,306.588,0.0499775,306.588,0.0499775,306.588,0.0499775,306.588,0.0499775
308,154.5,306.591,0.0499793,306.591,0.0499793,306.591,0.0499793,306.591,0.0499793,306.591,0.0499793,306.591,0.0499793
309,155,306.593,0.0499814,306.593,0.0499814,306.593,0.0499814,306.593,0.0499814,306.593,0.0499814,306.593,0.0499814
310,155.5,306.596,0.0499836,306.596,0.0499836,306.596,0.0499836,306.596,0.0499836,306.596,0.0499836,306.596,0.0499836
311,156,306.599,0.0499862,306.599,0.0499862,306.599,0.0499862,306.599,0.0499862,306.599,0.0499862,306.599,0.0499862
312,156.5,306.602,0.0499888,306.602,0.0499888,306.602,0.0499888,306.602,0.0499888,306.602,0.0499888,306.602,0.0499888
313,157,306.604,0.0499913,306.604,0.0499913,306.604,0.0499913,306.604,0.0499913,306.604,0.0499913,306.604,0.0499913
314,157.5,306.607,0.0499949,306.607,0.0499949,306.607,0.0499949,306.607,0.0499949,306.607,0.0499949,306.607,0.0499949
315,158,306.61,0.0499995,306.61,0.0499995,306.61,0.0499995,306.61,0.0499995,306.61,0.0499995,306.61,0.0499995
316,158.5,306.612,0.0500041,306.612,0.0500041,306.612,0.0500041,306.612,0.0500041,306.612,0.0500041,306.612,0.0500041
317,159,306.614,0.0500086,306.614,0.0500086,306.614,0.0500086,306.614,0.0500086,306.614,0.0500086,306.614,0.0500086
318,159.5,306.617,0.0500126,306.617,0.0500126,306.617,0.0500126,306.617,0.0500126,306.617,0.0500126,306.617,0.0500126
319,160,306.619,0.0500168,306.619,0.0500168,306.619,0.0500168,306.619,0.0500168,306.619,0.0500168,306.619,0.0500168
320,160.5,306.621,0.050022,306.621,0.050022,306.621,0.050022,306.621,0.050022,306.621,0.050022,306.621,0.050022
321,161,306.623,0.0500273,306.623,0.0500273,306.623,0.0500273,306.623,0.0500273,306.623,0.0500273,306.623,0.0500273
322,161.5,306.625,0.0500318,306.625,0.0500318,306.625,0.0500318,306.625,0.0500318,306.625,0.0500318,306.625,0.0500318
323,162,306.627,0.050037,306.627,0.050037,306.627,0.050037,306.627,0.050037,306.627,0.050037,306.627,0.050037
324,162.5,306.629,0.0500432,306.629,0.0500432,306.629,0.0500432,306.629,0.0500432,306.629,0.0500432,306.629,0.0500432
325,163,306.631,0.0500502,306.631,0.0500502,306.631,0.0500502,306.631,0.0500502,306.631,0.0500502,306.631,0.0500502
326,163.5,306.633,0.0500568,306.633,0.0500568,306.633,0.0500568,306.633,0.0500568,306.633,0.0500568,306.633,0.0500568
327,164,306.635,0.0500631,306.635,0.0500631,306.635,0.0500631,306.635,0.0500631,306.635,0.0500631,306.635,0.0500631
328,164.5,306.637,0.0500686,306.637,0.0500686,306.637,0.0500686,306.637,0.0500686,306.637,0.0500686,306.637,0.0500686
329,165,306.64,0.0500736,306.64,0.0500736,306.64,0.0500736,306.64,0.0500736,306.64,0.0500736,306.64,0.0500736
330,165.5,306.642,0.0500772,306.642,0.0500772,306.642,0.0500772,306.642,0.0500772,306.642,0.0500772,306.642,0.0500772
331,166,306.644,0.0500799,306.644,0.0500799,306.644,0.0500799,306.644,0.0500799,306.644,0.0500799,306.644,0.0500799
332,166.5,306.647,0.0500824,306.647,0.0500824,306.647,0.0500824,306.647,0.0500824,306.647,0.0500824,306.647,0.0500824
333,167,306.65,0.0500833,306.65,0.0500833,306.65,0.0500833,306.65,0.0500833,306.65,0.0500833,306.65,0.0500833
334,167.5,306.652,0.0500829,306.652,0.0500829,306.652,0.0500829,306.652,0.0500829,306.652,0.0500829,306.652,0.0500829
335,168,306.655,0.0500818,306.655,0.0500818,306.655,0.0500818,306.655,0.0500818,306.655,0.0500818,306.655,0.0500818
336,168.5,306.659,0.0500804,306.659,0.0500804,306.659,0.0500804,306.659,0.0500804,306.659,0.0500804,306.659,0.0500804
337,169,306.662,0.0500791,306.662,0.0500791,306.662,0.0500791,306.662,0.0500791,306.662,0.0500791,306.662,0.0500791
338,169.5,306.665,0.0500775,306.665,0.0500775,306.665,0.0500775,306.665,0.0500775,306.665,0.0500775,306.665,0.0500775
339,170,306.668,0.0500759,306.668,0.0500759,306.668,0.0500759,306.668,0.0500759,306.668,0.0500759,306.668,0.0500759
340,170.5,306.671,0.0500743,306.671,0.0500743,306.671,0.0500743,306.671,0.0500743,306.671,0.0500743,306.671,0.0500743
341,171,306.673,0.0500729,306.673,0.0500729,306.673,0.0500729,306.673,0.0500729,306.673,0.0500729,306.673,0.0500729
342,171.5,306.676,0.0500711,306.676,0.0500711,306.676,0.0500711,306.676,0.0500711,306.676,0.0500711,306.676,0.0500711
343,172,306.679,0.0500702,306.679,0.0500702,306.679,0.0500702,306.679,0.0500702,306.679,0.0500702,306.679,0.0500702
344,172.5,306.681,0.0500695,306.681,0.0500695,306.681,0.0500695,306.681,0.0500695,306.681,0.0500695,306.681,0.0500695
345,173,306.684,0.0500688,306.684,0.0500688,306.684,0.0500688,306.684,0.0500688,306.684,0.0500688,306.684,0.0500688
346,173.5,306.686,0.0500683,306.686,0.0500683,306.686,0.0500683,306.686,0.0500683,306.686,0.0500683,306.686,0.0500683
347,174,306.689,0.0500685,306.689,0.0500685,306.689,0.0500685,306.689,0.0500685,306.689,0.0500685,306.689,0.0500685
348,174.5,306.691,0.0500673,306.691,0.0500673,306.691,0.0500673,306.691,0.0500673,306.691,0.0500673,306.691,0.0500673
349,175,306.693,0.050066,306.693,0.050066,306.693,0.050066,306.693,0.050066,306.693,0.050066,306.693,0.050066
350,175.5,306.695,0.050064,306.695,0.050064,306.695,0.050064,306.695,0.050064,306.695,0.050064,306.695,0.050064
351,176,306.697,0.0500615,306.697,0.0500615,306.697,0.0500615,306.697,0.0500615,306.697,0.0500615,306.697,0.0500615
352,176.5,306.699,0.0500576,306.699,0.0500576,306.699,0.0500576,306.699,0.0500576,306.699,0.0500576,306.699,0.0500576
353,177,306.701,0.0500538,306.701,0.0500538,306.701,0.0500538,306.701,0.0500538,306.701,0.0500538,306.701,0.0500538
354,177.5,306.703,0.0500522,306.703,0.0500522,306.703,0.0500522,306.703,0.0500522,306.703,0.0500522,306.703,0.0500522
355,178,306.705,0.0500511,306.705,0.0500511,306.705,0.0500511,306.705,0.0500511,306.705,0.0500511,306.705,0.0500511
356,178.5,306.706,0.0500503,306.706,0.0500503,306.706,0.0500503,306.706,0.0500503,306.706,0.0500503,306.706,0.0500503
357,179,306.708,0.0500495,306.708,0.0500495,306.708,0.0500495,306.708,0.0500495,306.708,0.0500495,306.708,0.0500495
358,179.5,306.71,0.0500485,306.71,0.0500485,306.71,0.0500485,306.71,0.0500485,306.71,0.0500485,306.71,0.0500485
359,180,306.712,0.0500475,306.712,0.0500475,306.712,0.0500475,306.712,0.0500475,306.712,0.0500475,306.712,0.0500475
360,180.5,306.714,0.0500464,306.714,0.0500464,306.714,0.0500464,306.714,0.0500464,306.714,0.0500464,306.714,0.0500464
361,181,306.716,0.050045,306.716,0.050045,306.716,0.050045,306.716,0.050045,306.716,0.050045,306.716,0.050045
362,181.5,306.718,0.0500432,306.718,0.0500432,306.718,0.0500432,306.718,0.0500432,306.718,0.0500432,306.718,0.0500432
363,182,306.72,0.0500409,306.72,0.0500409,306.72,0.0500409,306.72,0.0500409,306.72,0.0500409,306.72,0.0500409
364,182.5,306.722,0.0500381,306.722,0.0500381,306.722,0.0500381,306.722,0.0500381,306.722,0.0500381,306.722,0.0500381
365,183,306.724,0.0500347,306.724,0.0500347,306.724,0.0500347,306.724,0.0500347,306.724,0.0500347,306.724,0.0500347
366,183.5,306.727,0.0500306,306.727,0.0500306,306.727,0.0500306,306.727,0.0500306,306.727,0.0500306,306.727,0.0500306
367,184,306.729,0.0500241,306.729,0.0500241,306.729,0.0500241,306.729,0.0500241,306.729,0.0500241,306.729,0.0500241
368,184.5,306.732,0.0500171,306.732,0.0500171,306.732,0.0500171,306.732,0.0500171,306.732,0.0500171,306.732,0.0500171
369,185,306.736,0.0500157,306.736,0.0500157,306.736,0.0500157,306.736,0.0500157,306.736,0.0500157,306.736,0.0500157
370,185.5,306.739,0.0500152,306.739,0.0500152,306.739,0.0500152,306.739,0.0500152,306.739,0.0500152,306.739,0.0500152
371,186,306.742,0.0500138,306.742,0.0500138,306.742,0.0500138,306.742,0.0500138,306.742,0.0500138,306.742,0.0500138
372,186.5,306.744,0.0500117,306.744,0.0500117,306.744,0.0500117,306.744,0.0500117,306.744,0.0500117,306.744,0.0500117
373,187,306.746,0.0500093,306.746,0.0500093,306.746,0.0500093,306.746,0.0500093,306.746,0.0500093,306.746,0.0500093
374,187.5,306.748,0.0500065,306.748,0.0500065,306.748,0.0500065,306.748,0.0500065,306.748,0.0500065,306.748,0.0500065
375,188,306.75,0.0500025,306.75,0.0500025,306.75,0.0500025,306.75,0.0500025,306.75,0.0500025,306.75,0.0500025
376,188.5,306.752,0.0500008,306.752,0.0500008,306.752,0.0500008,306.752,0.0500008,306.752,0.0500008,306.752,0.0500008
377,189,306.754,0.0500011,306.754,0.0500011,306.754,0.0500011,306.754,0.0500011,306.754,0.0500011,306.754,0.0500011
378,189.5,306.756,0.0500023,306.756,0.0500023,306.756,0.0500023,306.756,0.0500023,306.756,0.0500023,306.756,0.0500023
379,190,306.758,0.0500038,306.758,0.0500038,306.758,0.0500038,306.758,0.0500038,306.758,0.0500038,306.758,0.0500038
380,190.5,306.76,0.0500055,306.76,0.0500055,306.76,0.0500055,306.76,0.0500055,306.76,0.0500055,306.76,0.0500055
381,191,306.762,0.0500067,306.762,0.0500067,306.762,0.0500067,306.762,0.0500067,306.762,0.0500067,306.762,0.0500067
382,191.5,306.764,0.0500102,306.764,0.0500102,306.764,0.0500102,306.764,0.0500102,306.764,0.0500102,306.764,0.0500102
383,192,306.765,0.050015,306.765,0.050015,306.765,0.050015,306.765,0.050015,306.765,0.050015,306.765,0.050015
384,192.5,306.767,0.0500187,306.767,0.0500187,306.767,0.0500187,306.767,0.0500187,306.767,0.0500187,306.767,0.0500187
385,193,306.769,0.0500234,306.769,0.0500234,306.769,0.0500234,306.769,0.0500234,306.769,0.0500234,306.769,0.0500234
386,193.5,306.771,0.0500289,306.771,0.0500289,306.771,0.0500289,306.771,0.0500289,306.771,0.0500289,306.771,0.0500289
387,194,306.773,0.0500345,306.773,0.0500345,306.773,0.0500345,306.773,0.0500345,306.773,0.0500345,306.773,0.0500345
388,194.5,306.775,0.0500407,306.775,0.0500407,306.775,0.0500407,306.775,0.0500407,306.775,0.0500407,306.775,0.0500407
389,195,306.777,0.0500482,306.777,0.0500482,306.777,0.0500482,306.777,0.0500482,306.777,0.0500482,306.777,0.0500482
390,195.5,306.779,0.0500565,306.779,0.0500565,306.779,0.0500565,306.779,0.0500565,306.779,0.0500565,306.779,0.0500565
391,196,306.782,0.050065,306.782,0.050065,306.782,0.050065,306.782,0.050065,306.782,0.050065,306.782,0.050065
392,196.5,306.784,0.0500711,306.784,0.0500711,306.784,0.0500711,306.784,0.0500711,306.784,0.0500711,306.784,0.0500711
393,197,306.786,0.0500777,306.786,0.0500777,306.786,0.0500777,306.786,0.0500777,306.786,0.0500777,306.786,0.0500777
394,197.5,306.789,0.050086,306.789,0.050086,306.789,0.050086,306.789,0.050086,306.789,0.050086,306.789,0.050086
395,198,306.791,0.0500943,306.791,0.0500943,306.791,0.0500943,306.791,0.0500943,306.791,0.0500943,306.791,0.0500943
396,198.5,306.793,0.050102,306.793,0.050102,306.793,0.050102,306.793,0.050102,306.793,0.050102,306.793,0.050102
397,199,306.795,0.0501123,306.795,0.0501123,306.795,0.0501123,306.795,0.0501123,306.795,0.0501123,306.795,0.0501123
398,199.5,306.796,0.0501204,306.796,0.0501204,306.796,0.0501204,306.796,0.0501204,306.796,0.0501204,306.796,0.0501204
399,200,306.798,0.0501258,306.798,0.0501258,306.798,0.0501258,306.798,0.0501258,306.798,0.0501258,306.798,0.0501258
400,200.5,306.8,0.0501305,306.8,0.0501305,306.8,0.0501305,306.8,0.0501305,306.8,0.0501305,306.8,0.0501305
401,201,306.801,0.0501318,306.801,0.0501318,306.801,0.0501318,306.801,0.0501318,306.801,0.0501318,306.801,0.0501318
402,201.5,306.803,0.0501266,306.803,0.0501266,306.803,0.0501266,306.803,0.0501266,306.803,0.0501266,306.803,0.0501266
403,202,306.804,0.0501195,306.804,0.0501195,306.804,0.0501195,306.804,0.0501195,306.804,0.0501195,306.804,0.0501195
404,202.5,306.805,0.0501122,306.805,0.0501122,306.805,0.0501122,306.805,0.0501122,306.805,0.0501122,306.805,0.0501122
405,203,306.806,0.0501076,306.806,0.0501076,306.806,0.0501076,306.806,0.0501076,306.806,0.0501076,306.806,0.0501076
406,203.5,306.808,0.0500999,306.808,0.0500999,306.808,0.0500999,306.808,0.0500999,306.808,0.0500999,306.808,0.0500999
407,204,306.809,0.050089,306.809,0.050089,306.809,0.050089,306.809,0.050089,306.809,0.050089,306.809,0.050089
408,204.5,306.809,0.0500759,306.809,0.0500759,306.809,0.0500759,306.809,0.0500759,306.809,0.0500759,306.809,0.0500759
409,205,306.81,0.050059,306.81,0.050059,306.81,0.050059,306.81,0.050059,306.81,0.050059,306.81,0.050059
410,205.5,306.811,0.0500411,306.811,0.0500411,306.811,0.0500411,306.811,0.0500411,306.811,0.0500411,306.811,0.0500411
411,206,306.812,0.0500305,306.812,0.0500305,306.812,0.0500305,306.812,0.0500305,306.812,0.0500305,306.812,0.0500305
412,206.5,306.813,0.0500219,306.813,0.0500219,306.813,0.0500219,306.813,0.0500219,306.813,0.0500219,306.813,0.0500219
413,207,306.813,0.0500139,306.813,0.0500139,306.813,0.0500139,306.813,0.0500139,306.813,0.0500139,306.813,0.0500139
414,207.5,306.814,0.0500087,306.814,0.0500087,306.814,0.0500087,306.814,0.0500087,306.814,0.0500087,306.814,0.0500087
415,208,306.814,0.0500029,306.814,0.0500029,306.814,0.0500029,306.814,0.0500029,306.814,0.0500029,306.814,0.0500029
416,208.5,306.815,0.049997,306.815,0.049997,306.815,0.049997,306.815,0.049997,306.815,0.049997,306.815,0.049997
417,209,306.816,0.0499796,306.816,0.0499796,306.816,0.0499796,306.816,0.0499796,306.816,0.0499796,306.816,0.0499796
418,209.5,306.818,0.0499629,306.818,0.0499629,306.818,0.0499629,306.818,0.0499629,306.818,0.0499629,306.818,0.0499629
419,210,306.82,0.0499731,306.82,0.0499731,306.82,0.0499731,306.82,0.0499731,306.82,0.0499731,306.82,0.0499731
420,210.5,306.82,0.0499709,306.82,0.0499709,306.82,0.0499709,306.82,0.0499709,306.82,0.0499709,306.82,0.0499709
421,211,306.821,0.0499703,306.821,0.0499703,306.821,0.0499703,306.821,0.0499703,306.821,0.0499703,306.821,0.0499703
422,211.5,306.821,0.0499701,306.821,0.0499701,306.821,0.0499701,306.821,0.0499701,306.821,0.0499701,306.821,0.0499701
423,212,306.821,0.0499704,306.821,0.0499704,306.821,0.0499704,306.821,0.0499704,306.821,0.0499704,306.821,0.0499704
424,212.5,306.821,0.0499713,306.821,0.0499713,306.821,0.0499713,306.821,0.0499713,306.821,0.0499713,306.821,0.0499713
425,213,306.821,0.0499716,306.821,0.0499716,306.821,0.0499716,306.821,0.0499716,306.821,0.0499716,306.821,0.0499716
426,213.5,306.821,0.0499723,306.821,0.0499723,306.821,0.0499723,306.821,0.0499723,306.821,0.0499723,306.821,0.0499723
427,214,306.821,0.0499725,306.821,0.0499725,306.821,0.0499725,306.821,0.0499725,306.821,0.0499725,306.821,0.0499725
428,214.5,306.821,0.0499728,306.821,0.0499728,306.821,0.0499728,306.821,0.0499728,306.821,0.0499728,306.821,0.0499728
429,215,306.822,0.0499731,306.822,0.0499731,306.822,0.0499731,306.822,0.0499731,306.822,0.0499731,306.822,0.0499731
430,215.5,306.822,0.0499737,306.822,0.0499737,306.822,0.0499737,306.822,0.0499737,306.822,0.0499737,306.822,0.0499737
431,216,306.823,0.0499748,306.823,0.0499748,306.823,0.0499748,306.823,0.0499748,306.823,0.0499748,306.823,0.0499748
432,216.5,306.824,0.0499764,306.824,0.0499764,306.824,0.0499764,306.824,0.0499764,306.824,0.0499764,306.824,0.0499764
433,217,306.825,0.0499784,306.825,0.0499784,306.825,0.0499784,306.825,0.0499784,306.825,0.0499784,306.825,0.0499784
434,217.5,306.825,0.0499804,306.825,0.0499804,306.825,0.0499804,306.825,0.0499804,306.825,0.0499804,306.825,0.0499804
435,218,306.826,0.0499826,306.826,0.0499826,306.826,0.0499826,306.826,0.0499826,306.826,0.0499826,306.826,0.0499826
436,218.5,306.827,0.049985,306.827,0.049985,306.827,0.049985,306.827,0.049985,306.827,0.049985,306.827,0.049985
437,219,306.828,0.0499876,306.828,0.0499876,306.828,0.0499876,306.828,0.0499876,306.828,0.0499876,306.828,0.0499876
438,219.5,306.829,0.0499904,306.829,0.0499904,306.829,0.0499904,306.829,0.0499904,306.829,0.0499904,306.829,0.0499904
439,220,306.83,0.0499934,306.83,0.0499934,306.83,0.0499934,306.83,0.0499934,306.83,0.0499934,306.83,0.0499934
440,220.5,306.831,0.0499974,306.831,0.0499974,306.831,0.0499974,306.831,0.0499974,306.831,0.0499974,306.831,0.0499974
441,221,306.832,0.0500021,306.832,0.0500021,306.832,0.0500021,306.832,0.0500021,306.832,0.0500021,306.832,0.0500021
442,221.5,306.833,0.0500066,306.833,0.0500066,306.833,0.0500066,306.833,0.0500066,306.833,0.0500066,306.833,0.0500066
443,222,306.833,0.0500105,306.833,0.0500105,306.833,0.0500105,306.833,0.0500105,306.833,0.0500105,306.833,0.0500105
444,222.5,306.834,0.0500149,306.834,0.0500149,306.834,0.0500149,306.834,0.0500149,306.834,0.0500149,306.834,0.0500149
445,223,306.834,0.0500196,306.834,0.0500196,306.834,0.0500196,306.834,0.0500196,306.834,0.0500196,306.834,0.0500196
446,223.5,306.835,0.050025,306.835,0.050025,306.835,0.050025,306.835,0.050025,306.835,0.050025,306.835,0.050025
447,224,306.836,0.0500296,306.836,0.0500296,306.836,0.0500296,306.836,0.0500296,306.836,0.0500296,306.836,0.0500296
448,224.5,306.836,0.0500348,306.836,0.0500348,306.836,0.0500348,306.836,0.0500348,306.836,0.0500348,306.836,0.0500348
449,225,306.837,0.0500403,306.837,0.0500403,306.837,0.0500403,306.837,0.0500403,306.837,0.0500403,306.837,0.0500403
450,225.5,306.837,0.0500471,306.837,0.0500471,306.837,0.0500471,306.837,0.0500471,306.837,0.0500471,306.837,0.0500471
451,226,306.838,0.0500539,306.838,0.0500539,306.838,0.0500539,306.838,0.0500539,306.838,0.0500539,306.838,0.0500539
452,226.5,306.839,0.0500603,306.839,0.0500603,306.839,0.0500603,306.839,0.0500603,306.839,0.0500603,306.839,0.0500603
453,227,306.839,0.0500662,306.839,0.0500662,306.839,0.0500662,306.839,0.0500662,306.839,0.0500662,306.839,0.0500662
454,227.5,306.84,0.0500714,306.84,0.0500714,306.84,0.0500714,306.84,0.0500714,306.84,0.0500714,306.84,0.0500714
455,228,306.841,0.0500761,306.841,0.0500761,306.841,0.0500761,306.841,0.0500761,306.841,0.0500761,306.841,0.0500761
456,228.5,306.842,0.0500783,306.842,0.0500783,306.842,0.0500783,306.842,0.0500783,306.842,0.0500783,306.842,0.0500783
457,229,306.843,0.0500814,306.843,0.0500814,306.843,0.0500814,306.843,0.0500814,306.843,0.0500814,306.843,0.0500814
458,229.5,306.845,0.0500837,306.845,0.0500837,306.845,0.0500837,306.845,0.0500837,306.845,0.0500837,306.845,0.0500837
459,230,306.846,0.0500832,306.846,0.0500832,306.846,0.0500832,306.846,0.0500832,306.846,0.0500832,306.846,0.0500832
460,230.5,306.848,0.0500811,306.848,0.0500811,306.848,0.0500811,306.848,0.0500811,306.848,0.0500811,306.848,0.0500811
461,231,306.849,0.050081,306.849,0.050081,306.849,0.050081,306.849,0.050081,306.849,0.050081,306.849,0.050081
462,231.5,306.851,0.0500796,306.851,0.0500796,306.851,0.0500796,306.851,0.0500796,306.851,0.0500796,306.851,0.0500796
463,232,306.853,0.0500782,306.853,0.0500782,306.853,0.0500782,306.853,0.0500782,306.853,0.0500782,306.853,0.0500782
464,232.5,306.855,0.0500766,306.855,0.0500766,306.855,0.0500766,306.855,0.0500766,306.855,0.0500766,306.855,0.0500766
465,233,306.856,0.050075,306.856,0.050075,306.856,0.050075,306.856,0.050075,306.856,0.050075,306.856,0.050075
466,233.5,306.858,0.0500735,306.858,0.0500735,306.858,0.0500735,306.858,0.0500735,306.858,0.0500735,306.858,0.0500735
467,234,306.859,0.0500718,306.859,0.0500718,306.859,0.0500718,306.859,0.0500718,306.859,0.0500718,306.859,0.0500718
468,234.5,306.861,0.0500706,306.861,0.0500706,306.861,0.0500706,306.861,0.0500706,306.861,0.0500706,306.861,0.0500706
469,235,306.862,0.0500698,306.862,0.0500698,306.862,0.0500698,306.862,0.0500698,306.862,0.0500698,306.862,0.0500698
470,235.5,306.863,0.0500691,306.863,0.0500691,306.863,0.0500691,306.863,0.0500691,306.863,0.0500691,306.863,0.0500691
471,236,306.865,0.0500683,306.865,0.0500683,306.865,0.0500683,306.865,0.0500683,306.865,0.0500683,306.865,0.0500683
472,236.5,306.866,0.0500685,306.866,0.0500685,306.866,0.0500685,306.866,0.0500685,306.866,0.0500685,306.866,0.0500685
473,237,306.867,0.0500679,306.867,0.0500679,306.867,0.0500679,306.867,0.0500679,306.867,0.0500679,306.867,0.0500679
474,237.5,306.868,0.0500667,306.868,0.0500667,306.868,0.0500667,306.868,0.0500667,306.868,0.0500667,306.868,0.0500667
475,238,306.869,0.0500649,306.869,0.0500649,306.869,0.0500649,306.869,0.0500649,306.869,0.0500649,306.869,0.0500649
476,238.5,306.869,0.050063,306.869,0.050063,306.869,0.050063,306.869,0.050063,306.869,0.050063,306.869,0.050063
477,239,306.87,0.0500593,306.87,0.0500593,306.87,0.0500593,306.87,0.0500593,306.87,0.0500593,306.87,0.0500593
478,239.5,306.871,0.0500557,306.871,0.0500557,306.871,0.0500557,306.871,0.0500557,306.871,0.0500557,306.871,0.0500557
479,240,306.871,0.0500524,306.871,0.0500524,306.871,0.0500524,306.871,0.0500524,306.871,0.0500524,306.871,0.0500524
480,240.5,306.872,0.0500515,306.872,0.0500515,306.872,0.0500515,306.872,0.0500515,306.872,0.0500515,306.872,0.0500515
481,241,306.873,0.0500507,306.873,0.0500507,306.873,0.0500507,306.873,0.0500507,306.873,0.0500507,306.873,0.0500507
482,241.5,306.873,0.0500499,306.873,0.0500499,306.873,0.0500499,306.873,0.0500499,306.873,0.0500499,306.873,0.0500499
483,242,306.874,0.050049,306.874,0.050049,306.874,0.050049,306.874,0.050049,306.874,0.050049,306.874,0.050049
484,242.5,306.874,0.050048,306.874,0.050048,306.874,0.050048,306.874,0.050048,306.874,0.050048,306.874,0.050048
485,243,306.875,0.0500469,306.875,0.0500469,306.875,0.0500469,306.875,0.0500469,306.875,0.0500469,306.875,0.0500469
486,243.5,306.876,0.0500456,306.876,0.0500456,306.876,0.0500456,306.876,0.0500456,306.876,0.0500456,306.876,0.0500456
487,244,306.877,0.050044,306.877,0.050044,306.877,0.050044,306.877,0.050044,306.877,0.050044,306.877,0.050044
488,244.5,306.878,0.0500419,306.878,0.0500419,306.878,0.0500419,306.878,0.0500419,306.878,0.0500419,306.878,0.0500419
489,245,306.879,0.0500394,306.879,0.0500394,306.879,0.0500394,306.879,0.0500394,306.879,0.0500394,306.879,0.0500394
490,245.5,306.88,0.0500363,306.88,0.0500363,306.88,0.0500363,306.88,0.0500363,306.88,0.0500363,306.88,0.0500363
491,246,306.881,0.0500323,306.881,0.0500323,306.881,0.0500323,306.881,0.0500323,306.881,0.0500323,306.881,0.0500323
492,246.5,306.882,0.0500276,306.882,0.0500276,306.882,0.0500276,306.882,0.0500276,306.882,0.0500276,306.882,0.0500276
493,247,306.884,0.0500187,306.884,0.0500187,306.884,0.0500187,306.884,0.0500187,306.884,0.0500187,306.884,0.0500187
494,247.5,306.885,0.050016,306.885,0.050016,306.885,0.050016,306.885,0.050016,306.885,0.050016,306.885,0.050016
495,248,306.888,0.0500155,306.888,0.0500155,306.888,0.0500155,306.888,0.0500155,306.888,0.0500155,306.888,0.0500155
496,248.5,306.889,0.0500145,306.889,0.0500145,306.889,0.0500145,306.889,0.0500145,306.889,0.0500145,306.889,0.0500145
497,249,306.891,0.0500127,306.891,0.0500127,306.891,0.0500127,306.891,0.0500127,306.891,0.0500127,306.891,0.0500127
498,249.5,306.892,0.0500103,306.892,0.0500103,306.892,0.0500103,306.892,0.0500103,306.892,0.0500103,306.892,0.0500103
499,250,306.893,0.0500079,306.893,0.0500079,306.893,0.0500079,306.893,0.0500079,306.893,0.0500079,306.893,0.0500079
500,250.5,306.894,0.0500042,306.894,0.0500042,306.894,0.0500042,306.894,0.0500042,306.894,0.0500042,306.894,0.0500042
501,251,306.894,0.0500009,306.894,0.0500009,306.894,0.0500009,306.894,0.0500009,306.894,0.0500009,306.894,0.0500009
502,251.5,306.895,0.0500009,306.895,0.0500009,306.895,0.0500009,306.895,0.0500009,306.895,0.0500009,306.895,0.0500009
503,252,306.896,0.0500017,306.896,0.0500017,306.896,0.0500017,306.896,0.0500017,306.896,0.0500017,306.896,0.0500017
504,252.5,306.897,0.0500031,306.897,0.0500031,306.897,0.0500031,306.897,0.0500031,306.897,0.0500031,306.897,0.0500031
505,253,306.898,0.0500047,306.898,0.0500047,306.898,0.0500047,306.898,0.0500047,306.898,0.0500047,306.898,0.0500047
506,253.5,306.899,0.0500066,306.899,0.0500066,306.899,0.0500066,306.899,0.0500066,306.899,0.0500066,306.899,0.0500066
507,254,306.9,0.0500085,306.9,0.0500085,306.9,0.0500085,306.9,0.0500085,306.9,0.0500085,306.9,0.0500085
508,254.5,306.901,0.0500128,306.901,0.0500128,306.901,0.0500128,306.901,0.0500128,306.901,0.0500128,306.901,0.0500128
509,255,306.901,0.0500174,306.901,0.0500174,306.901,0.0500174,306.901,0.0500174,306.901,0.0500174,306.901,0.0500174
510,255.5,306.902,0.0500212,306.902,0.0500212,306.902,0.0500212,306.902,0.0500212,306.902,0.0500212,306.902,0.0500212
511,256,306.903,0.0500265,306.903,0.0500265,306.903,0.0500265,306.903,0.0500265,306.903,0.0500265,306.903,0.0500265
512,256.5,306.905,0.050032,306.905,0.050032,306.905,0.050032,306.905,0.050032,306.905,0.050032,306.905,0.050032
513,257,306.906,0.0500378,306.906,0.0500378,306.906,0.0500378,306.906,0.0500378,306.906,0.0500378,306.906,0.0500378
514,257.5,306.907,0.0500448,306.907,0.0500448,306.907,0.0500448,306.907,0.0500448,306.907,0.0500448,306.907,0.0500448
515,258,306.909,0.0500529,306.909,0.0500529,306.909,0.0500529,306.909,0.0500529,306.909,0.0500529,306.909,0.0500529
516,258.5,306.911,0.0500614,306.911,0.0500614,306.911,0.0500614,306.911,0.0500614,306.911,0.0500614,306.911,0.0500614
517,259,306.913,0.0500686,306.913,0.0500686,306.913,0.0500686,306.913,0.0500686,306.913,0.0500686,306.913,0.0500686
518,259.5,306.915,0.0500754,306.915,0.0500754,306.915,0.0500754,306.915,0.0500754,306.915,0.0500754,306.915,0.0500754
519,260,306.916,0.0500821,306.916,0.0500821,306.916,0.0500821,306.916,0.0500821,306.916,0.0500821,306.916,0.0500821
520,260.5,306.918,0.0500904,306.918,0.0500904,306.918,0.0500904,306.918,0.0500904,306.918,0.0500904,306.918,0.0500904
521,261,306.92,0.0500997,306.92,0.0500997,306.92,0.0500997,306.92,0.0500997,306.92,0.0500997,306.92,0.0500997
522,261.5,306.921,0.050108,306.921,0.050108,306.921,0.050108,306.921,0.050108,306.921,0.050108,306.921,0.050108
523,262,306.923,0.0501173,306.923,0.0501173,306.923,0.0501173,306.923,0.0501173,306.923,0.0501173,306.923,0.0501173
524,262.5,306.924,0.0501235,306.924,0.0501235,306.924,0.0501235,306.924,0.0501235,306.924,0.0501235,306.924,0.0501235
525,263,306.925,0.0501287,306.925,0.0501287,306.925,0.0501287,306.925,0.0501287,306.925,0.0501287,306.925,0.0501287
526,263.5,306.926,0.0501319,306.926,0.0501319,306.926,0.0501319,306.926,0.0501319,306.926,0.0501319,306.926,0.0501319
527,264,306.927,0.0501296,306.927,0.0501296,306.927,0.0501296,306.927,0.0501296,306.927,0.0501296,306.927,0.0501296
528,264.5,306.927,0.0501228,306.927,0.0501228,306.927,0.0501228,306.927,0.0501228,306.927,0.0501228,306.927,0.0501228
529,265,306.928,0.0501138,306.928,0.0501138,306.928,0.0501138,306.928,0.0501138,306.928,0.0501138,306.928,0.0501138
530,265.5,306.928,0.05011,306.928,0.05011,306.928,0.05011,306.928,0.05011,306.928,0.05011,306.928,0.05011
531,266,306.927,0.0501035,306.927,0.0501035,306.927,0.0501035,306.927,0.0501035,306.927,0.0501035,306.927,0.0501035
532,266.5,306.927,0.0500939,306.927,0.0500939,306.927,0.0500939,306.927,0.0500939,306.927,0.0500939,306.927,0.0500939
533,267,306.927,0.0500819,306.927,0.0500819,306.927,0.0500819,306.927,0.0500819,306.927,0.0500819,306.927,0.0500819
534,267.5,306.927,0.0500676,306.927,0.0500676,306.927,0.0500676,306.927,0.0500676,306.927,0.0500676,306.927,0.0500676
535,268,306.926,0.050047,306.926,0.050047,306.926,0.050047,306.926,0.050047,306.926,0.050047,306.926,0.050047
536,268.5,306.925,0.050035,306.925,0.050035,306.925,0.050035,306.925,0.050035,306.925,0.050035,306.925,0.050035
537,269,306.924,0.0500257,306.924,0.0500257,306.924,0.0500257,306.924,0.0500257,306.924,0.0500257,306.924,0.0500257
538,269.5,306.923,0.0500171,306.923,0.0500171,306.923,0.0500171,306.923,0.0500171,306.923,0.0500171,306.923,0.0500171
539,270,306.922,0.0500113,306.922,0.0500113,306.922,0.0500113,306.922,0.0500113,306.922,0.0500113,306.922,0.0500113
540,270.5,306.922,0.0500052,306.922,0.0500052,306.922,0.0500052,306.922,0.0500052,306.922,0.0500052,306.922,0.0500052
541,271,306.921,0.0500001,306.921,0.0500001,306.921,0.0500001,306.921,0.0500001,306.921,0.0500001,306.921,0.0500001
542,271.5,306.92,0.0499914,306.92,0.0499914,306.92,0.0499914,306.92,0.0499914,306.92,0.0499914,306.92,0.0499914
543,272,306.919,0.0499548,306.919,0.0499548,306.919,0.0499548,306.919,0.0499548,306.919,0.0499548,306.919,0.0499548
544,272.5,306.918,0.0499721,306.918,0.0499721,306.918,0.0499721,306.918,0.0499721,306.918,0.0499721,306.918,0.0499721
545,273,306.917,0.0499719,306.917,0.0499719,306.917,0.0499719,306.917,0.0499719,306.917,0.0499719,306.917,0.0499719
546,273.5,306.917,0.04997,306.917,0.04997,306.917,0.04997,306.917,0.04997,306.917,0.04997,306.917,0.04997
547,274,306.917,0.04997,306.917,0.04997,306.917,0.04997,306.917,0.04997,306.917,0.04997,306.917,0.04997
548,274.5,306.916,0.0499699,306.916,0.0499699,306.916,0.0499699,306.916,0.0499699,306.916,0.0499699,306.916,0.0499699
549,275,306.915,0.0499711,306.915,0.0499711,306.915,0.0499711,306.915,0.0499711,306.915,0.0499711,306.915,0.0499711
550,275.5,306.914,0.0499715,306.914,0.0499715,306.914,0.0499715,306.914,0.0499715,306.914,0.0499715,306.914,0.0499715
551,276,306.914,0.0499719,306.914,0.0499719,306.914,0.0499719,306.914,0.0499719,306.914,0.0499719,306.914,0.0499719
552,276.5,306.913,0.0499724,306.913,0.0499724,306.913,0.0499724,306.913,0.0499724,306.913,0.0499724,306.913,0.0499724
553,277,306.912,0.0499726,306.912,0.0499726,306.912,0.0499726,306.912,0.0499726,306.912,0.0499726,306.912,0.0499726
554,277.5,306.912,0.049973,306.912,0.049973,306.912,0.049973,306.912,0.049973,306.912,0.049973,306.912,0.049973
555,278,306.911,0.0499734,306.911,0.0499734,306.911,0.0499734,306.911,0.0499734,306.911,0.0499734,306.911,0.0499734
556,278.5,306.911,0.0499742,306.911,0.0499742,306.911,0.0499742,306.911,0.0499742,306.911,0.0499742,306.911,0.0499742
557,279,306.911,0.0499756,306.911,0.0499756,306.911,0.0499756,306.911,0.0499756,306.911,0.0499756,306.911,0.0499756
558,279.5,306.911,0.0499777,306.911,0.0499777,306.911,0.0499777,306.911,0.0499777,306.911,0.0499777,306.911,0.0499777
559,280,306.911,0.0499796,306.911,0.0499796,306.911,0.0499796,306.911,0.0499796,306.911,0.0499796,306.911,0.0499796
560,280.5,306.912,0.0499817,306.912,0.0499817,306.912,0.0499817,306.912,0.0499817,306.912,0.0499817,306.912,0.0499817
561,281,306.912,0.0499839,306.912,0.0499839,306.912,0.0499839,306.912,0.0499839,306.912,0.0499839,306.912,0.0499839
562,281.5,306.912,0.0499865,306.912,0.0499865,306.912,0.0499865,306.912,0.0499865,306.912,0.0499865,306.912,0.0499865
563,282,306.913,0.0499892,306.913,0.0499892,306.913,0.0499892,306.913,0.0499892,306.913,0.0499892,306.913,0.0499892
564,282.5,306.913,0.0499918,306.913,0.0499918,306.913,0.0499918,306.913,0.0499918,306.913,0.0499918,306.913,0.0499918
565,283,306.913,0.0499954,306.913,0.0499954,306.913,0.0499954,306.913,0.0499954,306.913,0.0499954,306.913,0.0499954
566,283.5,306.913,0.0500001,306.913,0.0500001,306.913,0.0500001,306.913,0.0500001,306.913,0.0500001,306.913,0.0500001
567,284,306.913,0.0500047,306.913,0.0500047,306.913,0.0500047,306.913,0.0500047,306.913,0.0500047,306.913,0.0500047
568,284.5,306.914,0.0500091,306.914,0.0500091,306.914,0.0500091,306.914,0.0500091,306.914,0.0500091,306.914,0.0500091
569,285,306.914,0.050013,306.914,0.050013,306.914,0.050013,306.914,0.050013,306.914,0.050013,306.914,0.050013
570,285.5,306.914,0.0500174,306.914,0.0500174,306.914,0.0500174,306.914,0.0500174,306.914,0.0500174,306.914,0.0500174
571,286,306.914,0.0500226,306.914,0.0500226,306.914,0.0500226,306.914,0.0500226,306.914,0.0500226,306.914,0.0500226
572,286.5,306.914,0.0500279,306.914,0.0500279,306.914,0.0500279,306.914,0.0500279,306.914,0.0500279,306.914,0.0500279
573,287,306.914,0.0500325,306.914,0.0500325,306.914,0.0500325,306.914,0.0500325,306.914,0.0500325,306.914,0.0500325
574,287.5,306.914,0.0500377,306.914,0.0500377,306.914,0.0500377,306.914,0.0500377,306.914,0.0500377,306.914,0.0500377
575,288,306.914,0.050044,306.914,0.050044,306.914,0.050044,306.914,0.050044,306.914,0.050044,306.914,0.050044
576,288.5,306.914,0.050051,306.914,0.050051,306.914,0.050051,306.914,0.050051,306.914,0.050051,306.914,0.050051
577,289,306.914,0.0500576,306.914,0.0500576,306.914,0.0500576,306.914,0.0500576,306.914,0.0500576,306.914,0.0500576
578,289.5,306.914,0.0500638,306.914,0.0500638,306.914,0.0500638,306.914,0.0500638,306.914,0.0500638,306.914,0.0500638
579,290,306.914,0.0500692,306.914,0.0500692,306.914,0.0500692,306.914,0.0500692,306.914,0.0500692,306.914,0.0500692
580,290.5,306.915,0.0500742,306.915,0.0500742,306.915,0.0500742,306.915,0.0500742,306.915,0.0500742,306.915,0.0500742
581,291,306.915,0.0500777,306.915,0.0500777,306.915,0.0500777,306.915,0.0500777,306.915,0.0500777,306.915,0.0500777
582,291.5,306.916,0.0500801,306.916,0.0500801,306.916,0.0500801,306.916,0.0500801,306.916,0.0500801,306.916,0.0500801
583,292,306.917,0.0500829,306.917,0.0500829,306.917,0.0500829,306.917,0.0500829,306.917,0.0500829,306.917,0.0500829
584,292.5,306.918,0.0500834,306.918,0.0500834,306.918,0.0500834,306.918,0.0500834,306.918,0.0500834,306.918,0.0500834
585,293,306.919,0.0500827,306.919,0.0500827,306.919,0.0500827,306.919,0.0500827,306.919,0.0500827,306.919,0.0500827
586,293.5,306.92,0.0500816,306.92,0.0500816,306.92,0.0500816,306.92,0.0500816,306.92,0.0500816,306.92,0.0500816
587,294,306.921,0.0500803,306.921,0.0500803,306.921,0.0500803,306.921,0.0500803,306.921,0.0500803,306.921,0.0500803
588,294.5,306.923,0.0500789,306.923,0.0500789,306.923,0.0500789,306.923,0.0500789,306.923,0.0500789,306.923,0.0500789
589,295,306.924,0.0500773,306.924,0.0500773,306.924,0.0500773,306.924,0.0500773,306.924,0.0500773,306.924,0.0500773
590,295.5,306.925,0.0500757,306.925,0.0500757,306.925,0.0500757,306.925,0.0500757,306.925,0.0500757,306.925,0.0500757
591,296,306.926,0.0500741,306.926,0.0500741,306.926,0.0500741,306.926,0.0500741,306.926,0.0500741,306.926,0.0500741
592,296.5,306.927,0.0500725,306.927,0.0500725,306.927,0.0500725,306.927,0.0500725,306.927,0.0500725,306.927,0.0500725
593,297,306.928,0.050071,306.928,0.050071,306.928,0.050071,306.928,0.050071,306.928,0.050071,306.928,0.050071
594,297.5,306.929,0.0500701,306.929,0.0500701,306.929,0.0500701,306.929,0.0500701,306.929,0.0500701,306.929,0.0500701
595,298,306.93,0.0500694,306.93,0.0500694,306.93,0.0500694,306.93,0.0500694,306.93,0.0500694,306.93,0.0500694
596,298.5,306.931,0.0500687,306.931,0.0500687,306.931,0.0500687,306.931,0.0500687,306.931,0.0500687,306.931,0.0500687
597,299,306.931,0.0500689,306.931,0.0500689,306.931,0.0500689,306.931,0.0500689,306.931,0.0500689,306.931,0.0500689
598,299.5,306.932,0.0500684,306.932,0.0500684,306.932,0.0500684,306.932,0.0500684,306.932,0.0500684,306.932,0.0500684
599,300,306.933,0.0500672,306.933,0.0500672,306.933,0.0500672,306.933,0.0500672,306.933,0.0500672,306.933,0.0500672
